bd_swab_id,extraction_plate_id,qpcr_plate_id,result,average_copy_number,average_ct,average_zoospores,comments,standard,master_mix,replicate,qpcr_machine,extraction_kit,extraction_date,qpcr_date,qpcr_lab,extract_lab
140701_02,NA,NA,NA,NA,NA,NA,NA,pisces,taqman,triplicate,abi_7500,qiagen_dneasy,NA,NA,NA,NA
140707_j01,clzextraction_4_7_30_2015,js080-082,"n,n,n",NA,NA,NA,NA,pisces,taqman,triplicate,abi_7500,qiagen_dneasy,NA,NA,NA,NA
140707_j02,clzextraction_4_7_30_2015,js080-082,"p,p,p",81.58,30.76,32632.17,NA,pisces,taqman,triplicate,abi_7500,qiagen_dneasy,NA,NA,NA,NA
140707_j03,clzextraction_4_7_30_2015,js080-082,"p,p,p",59.09,31.31,23636.68,NA,pisces,taqman,triplicate,abi_7500,qiagen_dneasy,NA,NA,NA,NA
140707_j04,clzextraction_4_7_30_2015,js080-082,"n,n,p",13.87,33.93,5547.83,NA,pisces,taqman,triplicate,abi_7500,qiagen_dneasy,NA,NA,NA,NA
140707_j05,clzextraction_4_7_30_2015,js080-082,"n,p,p",1.54,36.41,615.51,NA,pisces,taqman,triplicate,abi_7500,qiagen_dneasy,NA,NA,NA,NA
140707_j06,clzextraction_4_7_30_2015,js080-082,"n,n,n",NA,NA,NA,NA,pisces,taqman,triplicate,abi_7500,qiagen_dneasy,NA,NA,NA,NA
140715_012,clzextraction_5,js089-091,"n,n,n",NA,NA,NA,NA,pisces,taqman,triplicate,abi_7500,qiagen_dneasy,NA,NA,NA,NA
140716_r01,clzextraction_5,js083-085,"p,p,p",715.08,26.48,286032.14,NA,pisces,taqman,triplicate,abi_7500,qiagen_dneasy,NA,NA,NA,NA
140716_r02,clzextraction_5,js083-085,"p,p,p",27155.08,21.33,10862030.47,NA,pisces,taqman,triplicate,abi_7500,qiagen_dneasy,NA,NA,NA,NA
140717_01,NA,NA,"p,p,p",60.52,29.94,NA,check raw data sheet. not on spreadsheets,pisces,taqman,triplicate,abi_7500,qiagen_dneasy,NA,NA,NA,NA
140717_02,NA,NA,"n,n,n",NA,NA,NA,check raw data sheet. not on spreadsheets,pisces,taqman,triplicate,abi_7500,qiagen_dneasy,NA,NA,NA,NA
140717_03,NA,NA,"n,n,p",0.69,35.3,NA,check raw data sheet. not on spreadsheets,pisces,taqman,triplicate,abi_7500,qiagen_dneasy,NA,NA,NA,NA
140717_04,NA,NA,"n,n,n",NA,NA,NA,check raw data sheet. not on spreadsheets,pisces,taqman,triplicate,abi_7500,qiagen_dneasy,NA,NA,NA,NA
140717_05,NA,NA,"p,p,p",47.21,30.31,NA,check raw data sheet. not on spreadsheets,pisces,taqman,triplicate,abi_7500,qiagen_dneasy,NA,NA,NA,NA
140717_06,NA,NA,"n,p,p",0.55,36.12,NA,check raw data sheet. not on spreadsheets,pisces,taqman,triplicate,abi_7500,qiagen_dneasy,NA,NA,NA,NA
140717_07,NA,NA,"n,n,n",NA,NA,NA,check raw data sheet. not on spreadsheets,pisces,taqman,triplicate,abi_7500,qiagen_dneasy,NA,NA,NA,NA
140717_08,NA,NA,"n,n,n",NA,NA,NA,check raw data sheet. not on spreadsheets,pisces,taqman,triplicate,abi_7500,qiagen_dneasy,NA,NA,NA,NA
140717_09,NA,NA,"n,n,n",NA,NA,NA,check raw data sheet. not on spreadsheets,pisces,taqman,triplicate,abi_7500,qiagen_dneasy,NA,NA,NA,NA
140717_10,NA,NA,"p,p,p",10.73,32.6,NA,check raw data sheet. not on spreadsheets,pisces,taqman,triplicate,abi_7500,qiagen_dneasy,NA,NA,NA,NA
140717_11,NA,NA,"n,n,n",NA,NA,NA,check raw data sheet. not on spreadsheets,pisces,taqman,triplicate,abi_7500,qiagen_dneasy,NA,NA,NA,NA
140717_12,NA,NA,"p,p,p",49.42,30.27,NA,check raw data sheet. not on spreadsheets,pisces,taqman,triplicate,abi_7500,qiagen_dneasy,NA,NA,NA,NA
140717_13,NA,NA,"n,n,n",NA,NA,NA,check raw data sheet. not on spreadsheets,pisces,taqman,triplicate,abi_7500,qiagen_dneasy,NA,NA,NA,NA
140717_14,NA,NA,"n,n,n",NA,NA,NA,check raw data sheet. not on spreadsheets,pisces,taqman,triplicate,abi_7500,qiagen_dneasy,NA,NA,NA,NA
140717_15,NA,NA,"n,n,n",NA,NA,NA,check raw data sheet. not on spreadsheets,pisces,taqman,triplicate,abi_7500,qiagen_dneasy,NA,NA,NA,NA
140717_16,NA,NA,"n,n,n",NA,NA,NA,check raw data sheet. not on spreadsheets,pisces,taqman,triplicate,abi_7500,qiagen_dneasy,NA,NA,NA,NA
141207_05,jmgrsextractions_2015330,jm4_20150331,"n,n,n",NA,NA,NA,NA,pisces,taqman,triplicate,abi_7500,qiagen_dneasy,NA,NA,NA,NA
141207_06,jmgrsextractions_2015330,jm4_20150332,"n,n,n",NA,NA,NA,NA,pisces,taqman,triplicate,abi_7500,qiagen_dneasy,NA,NA,NA,NA
141211__r01,jmgrsextractions_2015330,jm4_20150333,"n,n,n",NA,NA,NA,NA,pisces,taqman,triplicate,abi_7500,qiagen_dneasy,NA,NA,NA,NA
141211__r02,jmgrsextractions_2015330,jm4_20150334,"n,n,n",NA,NA,NA,NA,pisces,taqman,triplicate,abi_7500,qiagen_dneasy,NA,NA,NA,NA
141211__r03,jmgrsextractions_2015330,jm4_20150335,"n,n,n",NA,NA,NA,NA,pisces,taqman,triplicate,abi_7500,qiagen_dneasy,NA,NA,NA,NA
141211__r04,jmgrsextractions_2015330,jm4_20150336,"n,n,n",NA,NA,NA,NA,pisces,taqman,triplicate,abi_7500,qiagen_dneasy,NA,NA,NA,NA
141211__r05,jmgrsextractions_2015330,jm4_20150337,"n,n,n",NA,NA,NA,NA,pisces,taqman,triplicate,abi_7500,qiagen_dneasy,NA,NA,NA,NA
141212_r02,jmgrsextractions_2015330,jm4_20150343,"n,n,n",NA,NA,NA,NA,pisces,taqman,triplicate,abi_7500,qiagen_dneasy,NA,NA,NA,NA
150621_13,dpw_062216_extractplate2,dpw_071816_panama_swabs_6,"n, n, p",1.54,37.05,614.45,NA,pisces,taqman,triplicate,quanstudio_3,qiagen_dneasy,NA,NA,NA,NA
150621_14,dpw_062216_extractplate2,dpw_071816_panama_swabs_6,"n, n, n",NA,NA,NA,NA,pisces,taqman,triplicate,quanstudio_3,qiagen_dneasy,NA,NA,NA,NA
150621_15,dpw_062216_extractplate2,dpw_071816_panama_swabs_6,"n, p, n",2.3,36.47,919.36,NA,pisces,taqman,triplicate,quanstudio_3,qiagen_dneasy,NA,NA,NA,NA
150621_16,dpw_062216_extractplate2,dpw_071816_panama_swabs_6,"p, p, p",6.05,35.11,2420.98,NA,pisces,taqman,triplicate,quanstudio_3,qiagen_dneasy,NA,NA,NA,NA
150621_17,dpw_062216_extractplate2,dpw_071816_panama_swabs_6,"n, n, n",NA,NA,NA,NA,pisces,taqman,triplicate,quanstudio_3,qiagen_dneasy,NA,NA,NA,NA
150621_18,dpw_062216_extractplate2,dpw_071816_panama_swabs_6,"n, n, n",NA,NA,NA,NA,pisces,taqman,triplicate,quanstudio_3,qiagen_dneasy,NA,NA,NA,NA
150621_19,dpw_062216_extractplate2,dpw_071816_panama_swabs_6,"n, n, n",NA,NA,NA,NA,pisces,taqman,triplicate,quanstudio_3,qiagen_dneasy,NA,NA,NA,NA
150621_20,dpw_062216_extractplate2,dpw_071816_panama_swabs_6,"n, n, n",NA,NA,NA,NA,pisces,taqman,triplicate,quanstudio_3,qiagen_dneasy,NA,NA,NA,NA
150621_21,dpw_062216_extractplate2,dpw_071816_panama_swabs_6,"p, p, p",6.64,35.38,2657.77,NA,pisces,taqman,triplicate,quanstudio_3,qiagen_dneasy,NA,NA,NA,NA
150621_22,dpw_062216_extractplate2,dpw_071816_panama_swabs_6,"p, n, n",1.69,36.91,677.92,NA,pisces,taqman,triplicate,quanstudio_3,qiagen_dneasy,NA,NA,NA,NA
150714_01,dpw_070616_extractplate5,dpw_081716_panama_swabs_20,"p, p, p",35.1,34.08,14038.97,NA,pisces,taqman,triplicate,quanstudio_3,qiagen_dneasy,NA,NA,NA,NA
150714_02,dpw_070616_extractplate5,dpw_081716_panama_swabs_20,"p, p, p",26.4,34.57,10561.42,NA,pisces,taqman,triplicate,quanstudio_3,qiagen_dneasy,NA,NA,NA,NA
150714_03,dpw_070616_extractplate5,dpw_081716_panama_swabs_20,"n, n, n",NA,NA,NA,NA,pisces,taqman,triplicate,quanstudio_3,qiagen_dneasy,NA,NA,NA,NA
150714_04,dpw_070616_extractplate5,dpw_081716_panama_swabs_20,"n, n, n",NA,NA,NA,NA,pisces,taqman,triplicate,quanstudio_3,qiagen_dneasy,NA,NA,NA,NA
150714_05,dpw_070616_extractplate5,dpw_081716_panama_swabs_20,"n, n, n",NA,NA,NA,NA,pisces,taqman,triplicate,quanstudio_3,qiagen_dneasy,NA,NA,NA,NA
150714_06,dpw_070616_extractplate5,dpw_081716_panama_swabs_20,"n, n, n",NA,NA,NA,NA,pisces,taqman,triplicate,quanstudio_3,qiagen_dneasy,NA,NA,NA,NA
150714_07,dpw_070616_extractplate5,dpw_081716_panama_swabs_20,"n, n, n",NA,NA,NA,NA,pisces,taqman,triplicate,quanstudio_3,qiagen_dneasy,NA,NA,NA,NA
150714_08,dpw_070616_extractplate5,dpw_081716_panama_swabs_20,"n, n, n",NA,NA,NA,NA,pisces,taqman,triplicate,quanstudio_3,qiagen_dneasy,NA,NA,NA,NA
150714_09,dpw_070616_extractplate5,dpw_081716_panama_swabs_20,"n, n, n",NA,NA,NA,NA,pisces,taqman,triplicate,quanstudio_3,qiagen_dneasy,NA,NA,NA,NA
150714_10,dpw_070616_extractplate5,dpw_081716_panama_swabs_20,"n, n, n",NA,NA,NA,NA,pisces,taqman,triplicate,quanstudio_3,qiagen_dneasy,NA,NA,NA,NA
150714_11,dpw_070616_extractplate5,dpw_081716_panama_swabs_20,"n, n, n",NA,NA,NA,NA,pisces,taqman,triplicate,quanstudio_3,qiagen_dneasy,NA,NA,NA,NA
150714_12,dpw_070616_extractplate5,dpw_081716_panama_swabs_20,"n, n, n",NA,NA,NA,NA,pisces,taqman,triplicate,quanstudio_3,qiagen_dneasy,NA,NA,NA,NA
150714_13,dpw_070616_extractplate5,dpw_081716_panama_swabs_20,"n, n, n",NA,NA,NA,NA,pisces,taqman,triplicate,quanstudio_3,qiagen_dneasy,NA,NA,NA,NA
150714_14,dpw_070616_extractplate5,dpw_081716_panama_swabs_20,"n, n, n",NA,NA,NA,NA,pisces,taqman,triplicate,quanstudio_3,qiagen_dneasy,NA,NA,NA,NA
150714_15,dpw_070616_extractplate5,dpw_081716_panama_swabs_20,"p, p, p",189.89,31.61,75956.24,NA,pisces,taqman,triplicate,quanstudio_3,qiagen_dneasy,NA,NA,NA,NA
150714_16,dpw_070616_extractplate5,dpw_081716_panama_swabs_20,"n, n, n",NA,NA,NA,NA,pisces,taqman,triplicate,quanstudio_3,qiagen_dneasy,NA,NA,NA,NA
150714_17,dpw_070616_extractplate5,dpw_081716_panama_swabs_20,"n, n, n",NA,NA,NA,NA,pisces,taqman,triplicate,quanstudio_3,qiagen_dneasy,NA,NA,NA,NA
150714_18,dpw_070616_extractplate5,dpw_081716_panama_swabs_20,"n, n, n",NA,NA,NA,NA,pisces,taqman,triplicate,quanstudio_3,qiagen_dneasy,NA,NA,NA,NA
150714_19,dpw_070616_extractplate5,dpw_081716_panama_swabs_20,"n, n, n",NA,NA,NA,NA,pisces,taqman,triplicate,quanstudio_3,qiagen_dneasy,NA,NA,NA,NA
150714_20,extracted singlely,dpw_040116_panama_swabs_1,"p, n, n",2.12,38.6,846.03,NA,pisces,taqman,triplicate,quanstudio_3,qiagen_dneasy,NA,NA,NA,NA
150714_21,extracted singlely,dpw_040116_panama_swabs_1,"n, n, n",NA,NA,NA,NA,pisces,taqman,triplicate,quanstudio_3,qiagen_dneasy,NA,NA,NA,NA
151201_j01,dpw_092216_extract6,dpw_102516_panama_swabs_21,"p, p, p",55.39,34.3,22155.53,NA,pisces,taqman,triplicate,quanstudio_3,qiagen_dneasy,NA,NA,NA,NA
151201_j02,dpw_092216_extract6,dpw_102516_panama_swabs_21,"p, p, p",2627.22,28.47,1050887.32,NA,pisces,taqman,triplicate,quanstudio_3,qiagen_dneasy,NA,NA,NA,NA
151201_j03,dpw_092216_extract6,dpw_102516_panama_swabs_21,"n, n, n",NA,NA,NA,NA,pisces,taqman,triplicate,quanstudio_3,qiagen_dneasy,NA,NA,NA,NA
151206_a01,dpw_092216_extract6,dpw_102816_panama_swabs_23,"p, p, p",2756.17,27.71,1102468.82,NA,pisces,taqman,triplicate,quanstudio_3,qiagen_dneasy,NA,NA,NA,NA
151206_a02,dpw_092216_extract6,dpw_102816_panama_swabs_23,"n, n, n",NA,NA,NA,NA,pisces,taqman,triplicate,quanstudio_3,qiagen_dneasy,NA,NA,NA,NA
151206_a03,dpw_092216_extract6,dpw_102816_panama_swabs_23,"p, p, p",3779.52,27.23,1511809.28,NA,pisces,taqman,triplicate,quanstudio_3,qiagen_dneasy,NA,NA,NA,NA
151208_j01a,dpw_092716_extract7,dpw_110316_panama_swabs_25,"n, n, n",NA,NA,NA,NA,pisces,taqman,triplicate,quanstudio_3,qiagen_dneasy,NA,NA,NA,NA
151208_j01b,dpw_092716_extract7,dpw_110716_panama_swabs_26,"n, n, n",NA,NA,NA,NA,pisces,taqman,triplicate,quanstudio_3,qiagen_dneasy,NA,NA,NA,NA
151209_a06,dpw_092716_extract7,dpw_110716_panama_swabs_26,"p, n, p",4.13,37.57,1653.21,NA,pisces,taqman,triplicate,quanstudio_3,qiagen_dneasy,NA,NA,NA,NA
151209_j01a,dpw_092716_extract7,dpw_110716_panama_swabs_27,"n, p, n",0.7,38.99,278,NA,pisces,taqman,triplicate,quanstudio_3,qiagen_dneasy,NA,NA,NA,NA
151209_j01b,dpw_100616_extract8,dpw_110916_panama_swabs_28,"p, p, p, p",10.21,36.05,4085.9,NA,pisces,taqman,triplicate,quanstudio_3,qiagen_dneasy,NA,NA,NA,NA
151209_j02a,dpw_092716_extract7,dpw_110716_panama_swabs_27,"n, p, n",1.35,38.05,540.71,NA,pisces,taqman,triplicate,quanstudio_3,qiagen_dneasy,NA,NA,NA,NA
151209_j02b,dpw_100616_extract8,dpw_110916_panama_swabs_28,"n, n, n",NA,NA,NA,NA,pisces,taqman,triplicate,quanstudio_3,qiagen_dneasy,NA,NA,NA,NA
151209_j03a,dpw_092716_extract7,dpw_110716_panama_swabs_27,"p, p, n",3.24,36.82,1294.34,NA,pisces,taqman,triplicate,quanstudio_3,qiagen_dneasy,NA,NA,NA,NA
151209_j03b,dpw_100616_extract8,dpw_110916_panama_swabs_28,"n, n, n",NA,NA,NA,NA,pisces,taqman,triplicate,quanstudio_3,qiagen_dneasy,NA,NA,NA,NA
151209_j04a,dpw_092716_extract7,dpw_110716_panama_swabs_27,"n, n, n",NA,NA,NA,NA,pisces,taqman,triplicate,quanstudio_3,qiagen_dneasy,NA,NA,NA,NA
151209_j04b,dpw_100616_extract8,dpw_110916_panama_swabs_28,"n, n, n",NA,NA,NA,NA,pisces,taqman,triplicate,quanstudio_3,qiagen_dneasy,NA,NA,NA,NA
151209_j05a,dpw_092716_extract7,dpw_110716_panama_swabs_27,"n, n, n",NA,NA,NA,NA,pisces,taqman,triplicate,quanstudio_3,qiagen_dneasy,NA,NA,NA,NA
151209_j05b,dpw_100616_extract8,dpw_110916_panama_swabs_28,"n, p, p, p",8.11,36.76,3242.23,NA,pisces,taqman,triplicate,quanstudio_3,qiagen_dneasy,NA,NA,NA,NA
151209_j06a,dpw_092716_extract7,dpw_110716_panama_swabs_27,"n, n, n",NA,NA,NA,NA,pisces,taqman,triplicate,quanstudio_3,qiagen_dneasy,NA,NA,NA,NA
151209_j06b,dpw_100616_extract8,dpw_110916_panama_swabs_28,"n, n, n",NA,NA,NA,NA,pisces,taqman,triplicate,quanstudio_3,qiagen_dneasy,NA,NA,NA,NA
151209_j07a,dpw_092716_extract7,dpw_110716_panama_swabs_27,"n, n, n",NA,NA,NA,NA,pisces,taqman,triplicate,quanstudio_3,qiagen_dneasy,NA,NA,NA,NA
151209_j07b,dpw_100616_extract8,dpw_110916_panama_swabs_28,"n, n, n",NA,NA,NA,NA,pisces,taqman,triplicate,quanstudio_3,qiagen_dneasy,NA,NA,NA,NA
151209_j08a,dpw_092716_extract7,dpw_110716_panama_swabs_27,"n, n, n",NA,NA,NA,NA,pisces,taqman,triplicate,quanstudio_3,qiagen_dneasy,NA,NA,NA,NA
151209_j08b,dpw_100616_extract8,dpw_110916_panama_swabs_28,"n, p, n, n",1.67,38.33,666.69,NA,pisces,taqman,triplicate,quanstudio_3,qiagen_dneasy,NA,NA,NA,NA
151210_g01,dpw_092716_extract7,dpw_110716_panama_swabs_26,"n, n, n",NA,NA,NA,NA,pisces,taqman,triplicate,quanstudio_3,qiagen_dneasy,NA,NA,NA,NA
151210_g02,dpw_092716_extract7,dpw_110716_panama_swabs_26,"n, n, n",NA,NA,NA,NA,pisces,taqman,triplicate,quanstudio_3,qiagen_dneasy,NA,NA,NA,NA
151210_g03,dpw_092716_extract7,dpw_110716_panama_swabs_26,"n, n, n",NA,NA,NA,NA,pisces,taqman,triplicate,quanstudio_3,qiagen_dneasy,NA,NA,NA,NA
151210_g04,dpw_092716_extract7,dpw_110716_panama_swabs_26,"n, n, n",NA,NA,NA,NA,pisces,taqman,triplicate,quanstudio_3,qiagen_dneasy,NA,NA,NA,NA
151210_g05,dpw_092716_extract7,dpw_110716_panama_swabs_26,"n, n, n",NA,NA,NA,NA,pisces,taqman,triplicate,quanstudio_3,qiagen_dneasy,NA,NA,NA,NA
151210_g06,dpw_092716_extract7,dpw_110716_panama_swabs_26,"n, n, n",NA,NA,NA,NA,pisces,taqman,triplicate,quanstudio_3,qiagen_dneasy,NA,NA,NA,NA
151210_g07,dpw_092716_extract7,dpw_110716_panama_swabs_26,"p, p, n",3.12,38.03,1246.45,NA,pisces,taqman,triplicate,quanstudio_3,qiagen_dneasy,NA,NA,NA,NA
151210_g08,dpw_092716_extract7,dpw_110716_panama_swabs_26,"n, n, n",NA,NA,NA,NA,pisces,taqman,triplicate,quanstudio_3,qiagen_dneasy,NA,NA,NA,NA
151210_g09,dpw_092716_extract7,dpw_110716_panama_swabs_26,"n, n, n",NA,NA,NA,NA,pisces,taqman,triplicate,quanstudio_3,qiagen_dneasy,NA,NA,NA,NA
151210_g10,dpw_092716_extract7,dpw_110716_panama_swabs_26,"n, n, n",NA,NA,NA,NA,pisces,taqman,triplicate,quanstudio_3,qiagen_dneasy,NA,NA,NA,NA
151210_g11,dpw_092716_extract7,dpw_110716_panama_swabs_26,"n, n, n",NA,NA,NA,NA,pisces,taqman,triplicate,quanstudio_3,qiagen_dneasy,NA,NA,NA,NA
151210_g12,dpw_092716_extract7,dpw_110716_panama_swabs_26,"p, p, p",271.58,31.36,108631.17,NA,pisces,taqman,triplicate,quanstudio_3,qiagen_dneasy,NA,NA,NA,NA
151214_a11a,dpw_100616_extract8,dpw_111816_panama_swabs_31,"n, n, n",NA,NA,NA,NA,pisces,taqman,triplicate,quanstudio_3,qiagen_dneasy,NA,NA,NA,NA
151214_a11b,dpw_101316_extract10,dpw_112116_panama_swabs_32,"n, n, n, n",NA,NA,NA,NA,pisces,taqman,triplicate,quanstudio_3,qiagen_dneasy,NA,NA,NA,NA
151216_a27,dpw_101316_extract10,dpw_112316_panama_swabs_33,"n, n, n",NA,NA,NA,NA,pisces,taqman,triplicate,quanstudio_3,qiagen_dneasy,NA,NA,NA,NA
151216_a28,dpw_101316_extract10,dpw_112316_panama_swabs_33,"n, n, n",NA,NA,NA,NA,pisces,taqman,triplicate,quanstudio_3,qiagen_dneasy,NA,NA,NA,NA
151216_a29,dpw_101316_extract10,dpw_112316_panama_swabs_33,"n, p, n",2.87,36.85,1146.1,NA,pisces,taqman,triplicate,quanstudio_3,qiagen_dneasy,NA,NA,NA,NA
151216_a30,dpw_101316_extract10,dpw_112316_panama_swabs_33,"n, n, n",NA,NA,NA,NA,pisces,taqman,triplicate,quanstudio_3,qiagen_dneasy,NA,NA,NA,NA
001.0,dpw_100616_extract9,panamaswabs2016_101416_dpw,"n, n, p",2.16,35.72,864.56,NA,pisces,bioline,triplicate,quantstudio_3,qiagen_dneasy,NA,NA,NA,NA
002.0,dpw_100616_extract9,panamaswabs2016_101416_dpw,"n, n, n",NA,NA,NA,NA,pisces,bioline,triplicate,quantstudio_3,qiagen_dneasy,NA,NA,NA,NA
002.4,dpw_100616_extract9,panamaswabs2016_101416_dpw,"p, p, p",8.74,33.74,3497.97,NA,pisces,bioline,triplicate,quantstudio_3,qiagen_dneasy,NA,NA,NA,NA
003.0,dpw_100616_extract9,panamaswabs2016_101416_dpw,"n, n, n, n, n, n",NA,NA,NA,NA,pisces,bioline,triplicate,quantstudio_3,qiagen_dneasy,NA,NA,NA,NA
003.1,dpw_100616_extract9,panamaswabs2016_101416_dpw,"n, n, n",NA,NA,NA,NA,pisces,bioline,triplicate,quantstudio_3,qiagen_dneasy,NA,NA,NA,NA
003.2,dpw_100616_extract9,panamaswabs2016_101416_dpw,"p, p, p",7.43,34.21,2973.2,NA,pisces,bioline,triplicate,quantstudio_3,qiagen_dneasy,NA,NA,NA,NA
004.0,dpw_100616_extract9,panamaswabs2016_101416_dpw,"p, p, p",5.35,34.56,2139.99,NA,pisces,bioline,triplicate,quantstudio_3,qiagen_dneasy,NA,NA,NA,NA
004.1,dpw_100616_extract9,panamaswabs2016_101416_dpw,"p, p, p",4.2,34.96,1678.1,NA,pisces,bioline,triplicate,quantstudio_3,qiagen_dneasy,NA,NA,NA,NA
004.2,dpw_100616_extract9,panamaswabs2016_101416_dpw,"p, p, p",17.23,32.72,6891.22,NA,pisces,bioline,triplicate,quantstudio_3,qiagen_dneasy,NA,NA,NA,NA
004.3,dpw_100616_extract9,panamaswabs2016_101416_dpw,"p, p, p",6.1,34.25,2441.51,NA,pisces,bioline,triplicate,quantstudio_3,qiagen_dneasy,NA,NA,NA,NA
004.4,dpw_100616_extract9,panamaswabs2016_101416_dpw,"p, p, p",12.26,33.32,4902.08,NA,pisces,bioline,triplicate,quantstudio_3,qiagen_dneasy,NA,NA,NA,NA
005.0,dpw_100616_extract9,panamaswabs2016_101416_dpw,"n, n, n",NA,NA,NA,NA,pisces,bioline,triplicate,quantstudio_3,qiagen_dneasy,NA,NA,NA,NA
005.3,dpw_100616_extract9,panamaswabs2016_101416_dpw,"p, p, p",17.84,32.71,7134.54,NA,pisces,bioline,triplicate,quantstudio_3,qiagen_dneasy,NA,NA,NA,NA
006.0,dpw_100616_extract9,panamaswabs2016_101416_dpw,"n, n, n",NA,NA,NA,NA,pisces,bioline,triplicate,quantstudio_3,qiagen_dneasy,NA,NA,NA,NA
006.1,dpw_100616_extract9,panamaswabs2016_101416_dpw,"n, n, n",NA,NA,NA,NA,pisces,bioline,triplicate,quantstudio_3,qiagen_dneasy,NA,NA,NA,NA
006.2,dpw_100616_extract9,panamaswabs2016_101416_dpw,"n, n, n",NA,NA,NA,NA,pisces,bioline,triplicate,quantstudio_3,qiagen_dneasy,NA,NA,NA,NA
006.3,dpw_100616_extract9,panamaswabs2016_101416_dpw,"n, n, n",NA,NA,NA,NA,pisces,bioline,triplicate,quantstudio_3,qiagen_dneasy,NA,NA,NA,NA
007.0,dpw_100616_extract9,panamaswabs2016_101416_dpw,"n, n, n, n, n, n",NA,NA,NA,NA,pisces,bioline,triplicate,quantstudio_3,qiagen_dneasy,NA,NA,NA,NA
007.4,dpw_100616_extract9,panamaswabs2016_101416_dpw,"p, p, p",13.05,33.29,5221.81,NA,pisces,bioline,triplicate,quantstudio_3,qiagen_dneasy,NA,NA,NA,NA
008.0,dpw_100616_extract9,panamaswabs2016_101416_dpw,"n, n, n",NA,NA,NA,NA,pisces,bioline,triplicate,quantstudio_3,qiagen_dneasy,NA,NA,NA,NA
008.1,dpw_100616_extract9,panamaswabs2016_101416_dpw,"p, p, p",4.86,34.55,1943.28,NA,pisces,bioline,triplicate,quantstudio_3,qiagen_dneasy,NA,NA,NA,NA
009.0,dpw_100616_extract9,panamaswabs2016_101416_dpw,"n, n, n",NA,NA,NA,NA,pisces,bioline,triplicate,quantstudio_3,qiagen_dneasy,NA,NA,NA,NA
009.1,dpw_100616_extract9,panamaswabs2016_101816_dpw,"n, n, n",NA,NA,NA,NA,pisces,bioline,triplicate,quantstudio_3,qiagen_dneasy,NA,NA,NA,NA
009.2,dpw_100616_extract9,panamaswabs2016_101416_dpw,"n, n, n",NA,NA,NA,NA,pisces,bioline,triplicate,quantstudio_3,qiagen_dneasy,NA,NA,NA,NA
010.0,dpw_100616_extract9,panamaswabs2016_101416_dpw,"n, n, n",NA,NA,NA,NA,pisces,bioline,triplicate,quantstudio_3,qiagen_dneasy,NA,NA,NA,NA
011.0,dpw_100616_extract9,panamaswabs2016_101416_dpw,"n, n, n",NA,NA,NA,NA,pisces,bioline,triplicate,quantstudio_3,qiagen_dneasy,NA,NA,NA,NA
012.0,dpw_100616_extract9,panamaswabs2016_101416_dpw,"n, n, n",NA,NA,NA,NA,pisces,bioline,triplicate,quantstudio_3,qiagen_dneasy,NA,NA,NA,NA
012.1,dpw_100616_extract9,panamaswabs2016_101416_dpw,"p, n, n",2.18,35.71,872.11,NA,pisces,bioline,triplicate,quantstudio_3,qiagen_dneasy,NA,NA,NA,NA
012.2,dpw_100616_extract9,panamaswabs2016_101416_dpw,"n, n, p",0.81,37.14,325.12,NA,pisces,bioline,triplicate,quantstudio_3,qiagen_dneasy,NA,NA,NA,NA
013.0,dpw_100616_extract9,panamaswabs2016_101816_dpw,"n, n, n, n, n, n",NA,NA,NA,NA,pisces,bioline,triplicate,quantstudio_3,qiagen_dneasy,NA,NA,NA,NA
013.1,dpw_100616_extract9,panamaswabs2016_101816_dpw,"p, p, p",2.29,37.32,917.01,NA,pisces,bioline,triplicate,quantstudio_3,qiagen_dneasy,NA,NA,NA,NA
013.2,dpw_100616_extract9,panamaswabs2016_101816_dpw,"p, p, n",3.04,36.9,1214.68,NA,pisces,bioline,triplicate,quantstudio_3,qiagen_dneasy,NA,NA,NA,NA
013.3,dpw_100616_extract9,panamaswabs2016_101816_dpw,"p, p, p",30.65,33.66,12259.61,NA,pisces,bioline,triplicate,quantstudio_3,qiagen_dneasy,NA,NA,NA,NA
013.4,dpw_100616_extract9,panamaswabs2016_101816_dpw,"p, p, p",58.26,32.72,23305.07,NA,pisces,bioline,triplicate,quantstudio_3,qiagen_dneasy,NA,NA,NA,NA
014.0,dpw_100616_extract9,panamaswabs2016_101816_dpw,"n, n, n",NA,NA,NA,NA,pisces,bioline,triplicate,quantstudio_3,qiagen_dneasy,NA,NA,NA,NA
014.2,dpw_100616_extract9,panamaswabs2016_101816_dpw,"p, n, p",1.5,37.97,601.17,NA,pisces,bioline,triplicate,quantstudio_3,qiagen_dneasy,NA,NA,NA,NA
014.4,dpw_100616_extract9,panamaswabs2016_101816_dpw,"p, p, p",6.41,35.89,2564.96,NA,pisces,bioline,triplicate,quantstudio_3,qiagen_dneasy,NA,NA,NA,NA
015.0,dpw_100616_extract9,panamaswabs2016_101816_dpw,"n, n, n",NA,NA,NA,NA,pisces,bioline,triplicate,quantstudio_3,qiagen_dneasy,NA,NA,NA,NA
015.1,dpw_100616_extract9,panamaswabs2016_101816_dpw,"n, n, n",NA,NA,NA,NA,pisces,bioline,triplicate,quantstudio_3,qiagen_dneasy,NA,NA,NA,NA
015.3,dpw_100616_extract9,panamaswabs2016_101816_dpw,"n, n, n",NA,NA,NA,NA,pisces,bioline,triplicate,quantstudio_3,qiagen_dneasy,NA,NA,NA,NA
015.4,dpw_100616_extract9,panamaswabs2016_101816_dpw,"n, n, n",NA,NA,NA,NA,pisces,bioline,triplicate,quantstudio_3,qiagen_dneasy,NA,NA,NA,NA
016.0,dpw_100616_extract9,panamaswabs2016_101816_dpw,"n, n, n",NA,NA,NA,NA,pisces,bioline,triplicate,quantstudio_3,qiagen_dneasy,NA,NA,NA,NA
016.1,dpw_100616_extract9,panamaswabs2016_101816_dpw,"n, n, n",NA,NA,NA,NA,pisces,bioline,triplicate,quantstudio_3,qiagen_dneasy,NA,NA,NA,NA
016.2,dpw_100616_extract9,panamaswabs2016_101816_dpw,"n, n, n",NA,NA,NA,NA,pisces,bioline,triplicate,quantstudio_3,qiagen_dneasy,NA,NA,NA,NA
016.3,dpw_100616_extract9,panamaswabs2016_101816_dpw,"n, n, n",NA,NA,NA,NA,pisces,bioline,triplicate,quantstudio_3,qiagen_dneasy,NA,NA,NA,NA
016.4,dpw_100616_extract9,panamaswabs2016_101816_dpw,"n, n, n",NA,NA,NA,NA,pisces,bioline,triplicate,quantstudio_3,qiagen_dneasy,NA,NA,NA,NA
017.0,dpw_100616_extract9,panamaswabs2016_101816_dpw,"n, n, n",NA,NA,NA,NA,pisces,bioline,triplicate,quantstudio_3,qiagen_dneasy,NA,NA,NA,NA
018.0,dpw_100616_extract9,panamaswabs2016_101816_dpw,"n, n, n",NA,NA,NA,NA,pisces,bioline,triplicate,quantstudio_3,qiagen_dneasy,NA,NA,NA,NA
018.1,dpw_100616_extract9,panamaswabs2016_101816_dpw,"n, n, n",NA,NA,NA,NA,pisces,bioline,triplicate,quantstudio_3,qiagen_dneasy,NA,NA,NA,NA
018.2,dpw_100616_extract9,panamaswabs2016_101816_dpw,"n, n, n",NA,NA,NA,NA,pisces,bioline,triplicate,quantstudio_3,qiagen_dneasy,NA,NA,NA,NA
018.4,dpw_100616_extract9,panamaswabs2016_101816_dpw,"n, n, n",NA,NA,NA,NA,pisces,bioline,triplicate,quantstudio_3,qiagen_dneasy,NA,NA,NA,NA
019.0,dpw_100616_extract9,panamaswabs2016_101816_dpw,"n, n, n",NA,NA,NA,NA,pisces,bioline,triplicate,quantstudio_3,qiagen_dneasy,NA,NA,NA,NA
019.1,dpw_100616_extract9,panamaswabs2016_101816_dpw,"n, n, n",NA,NA,NA,NA,pisces,bioline,triplicate,quantstudio_3,qiagen_dneasy,NA,NA,NA,NA
019.2,dpw_100616_extract9,panamaswabs2016_101816_dpw,"n, n, n",NA,NA,NA,NA,pisces,bioline,triplicate,quantstudio_3,qiagen_dneasy,NA,NA,NA,NA
019.4,dpw_100616_extract9,panamaswabs2016_101816_dpw,"n, n, n",NA,NA,NA,NA,pisces,bioline,triplicate,quantstudio_3,qiagen_dneasy,NA,NA,NA,NA
020.0,dpw_100616_extract9,panamaswabs2016_101816_dpw,"n, n, n",NA,NA,NA,NA,pisces,bioline,triplicate,quantstudio_3,qiagen_dneasy,NA,NA,NA,NA
020.1,dpw_100616_extract9,panamaswabs2016_101816_dpw,"n, n, n",NA,NA,NA,NA,pisces,bioline,triplicate,quantstudio_3,qiagen_dneasy,NA,NA,NA,NA
020.2,dpw_100616_extract9,panamaswabs2016_101916_dpw,"n, n, n",NA,NA,NA,NA,pisces,bioline,triplicate,quantstudio_3,qiagen_dneasy,NA,NA,NA,NA
021.0,dpw_100616_extract9,panamaswabs2016_101916_dpw,"n, n, n",NA,NA,NA,NA,pisces,bioline,triplicate,quantstudio_3,qiagen_dneasy,NA,NA,NA,NA
021.2,dpw_100616_extract9,panamaswabs2016_101916_dpw,"p, p, n",3.05,37.85,1219.01,NA,pisces,bioline,triplicate,quantstudio_3,qiagen_dneasy,NA,NA,NA,NA
021.3,dpw_100616_extract9,panamaswabs2016_101916_dpw,"n, n, n",NA,NA,NA,NA,pisces,bioline,triplicate,quantstudio_3,qiagen_dneasy,NA,NA,NA,NA
021.4,dpw_100616_extract9,panamaswabs2016_101916_dpw,"p, p, p",5.48,36.97,2193.37,NA,pisces,bioline,triplicate,quantstudio_3,qiagen_dneasy,NA,NA,NA,NA
022.0,dpw_100616_extract9,panamaswabs2016_101916_dpw,"p, p, p",16.1,35.25,6440.88,NA,pisces,bioline,triplicate,quantstudio_3,qiagen_dneasy,NA,NA,NA,NA
022.1,dpw_100616_extract9,panamaswabs2016_101916_dpw,"p, p, p",26.98,34.54,10792.86,NA,pisces,bioline,triplicate,quantstudio_3,qiagen_dneasy,NA,NA,NA,NA
022.2,dpw_100616_extract9,panamaswabs2016_101916_dpw,"p, p, p",15.46,35.33,6184.68,NA,pisces,bioline,triplicate,quantstudio_3,qiagen_dneasy,NA,NA,NA,NA
022.3,dpw_100616_extract9,panamaswabs2016_101916_dpw,"p, p, p",23.22,34.69,9287.13,NA,pisces,bioline,triplicate,quantstudio_3,qiagen_dneasy,NA,NA,NA,NA
022.4,dpw_100616_extract9,panamaswabs2016_101916_dpw,"n, p, p",5.86,36.8,2342.37,NA,pisces,bioline,triplicate,quantstudio_3,qiagen_dneasy,NA,NA,NA,NA
023.0,dpw_100616_extract9,panamaswabs2016_101916_dpw,"n, n, n",NA,NA,NA,NA,pisces,bioline,triplicate,quantstudio_3,qiagen_dneasy,NA,NA,NA,NA
023.1,dpw_100616_extract9,panamaswabs2016_101916_dpw,"n, p, n",4.13,37.29,1652.83,NA,pisces,bioline,triplicate,quantstudio_3,qiagen_dneasy,NA,NA,NA,NA
024.0,dpw_100616_extract9,panamaswabs2016_101916_dpw,"n, n, n, n, n, n",NA,NA,NA,NA,pisces,bioline,triplicate,quantstudio_3,qiagen_dneasy,NA,NA,NA,NA
024.1,dpw_100616_extract9,panamaswabs2016_101916_dpw,"n, n, p",4.26,37.24,1702.14,NA,pisces,bioline,triplicate,quantstudio_3,qiagen_dneasy,NA,NA,NA,NA
024.2,dpw_100616_extract9,panamaswabs2016_101916_dpw,"n, n, n",NA,NA,NA,NA,pisces,bioline,triplicate,quantstudio_3,qiagen_dneasy,NA,NA,NA,NA
024.3,dpw_100616_extract9,panamaswabs2016_101916_dpw,"p, p, p",86.01,32.68,34405.08,NA,pisces,bioline,triplicate,quantstudio_3,qiagen_dneasy,NA,NA,NA,NA
024.4,dpw_100616_extract9,panamaswabs2016_101916_dpw,"p, p, p",106.52,32.35,42608.46,NA,pisces,bioline,triplicate,quantstudio_3,qiagen_dneasy,NA,NA,NA,NA
025.0,dpw_100616_extract9,panamaswabs2016_101916_dpw,"n, n, n",NA,NA,NA,NA,pisces,bioline,triplicate,quantstudio_3,qiagen_dneasy,NA,NA,NA,NA
025.1,dpw_100616_extract9,panamaswabs2016_101916_dpw,"p, n, p",3.45,37.56,1378.89,NA,pisces,bioline,triplicate,quantstudio_3,qiagen_dneasy,NA,NA,NA,NA
025.3,dpw_100616_extract9,panamaswabs2016_101916_dpw,"n, n, n",NA,NA,NA,NA,pisces,bioline,triplicate,quantstudio_3,qiagen_dneasy,NA,NA,NA,NA
025.4,dpw_100616_extract9,panamaswabs2016_101916_dpw,"n, n, n",NA,NA,NA,NA,pisces,bioline,triplicate,quantstudio_3,qiagen_dneasy,NA,NA,NA,NA
026.0,dpw_100616_extract9,panamaswabs2016_101916_dpw,"n, n, n",NA,NA,NA,NA,pisces,bioline,triplicate,quantstudio_3,qiagen_dneasy,NA,NA,NA,NA
026.1,dpw_100616_extract9,panamaswabs2016_101916_dpw,"n, n, n",NA,NA,NA,NA,pisces,bioline,triplicate,quantstudio_3,qiagen_dneasy,NA,NA,NA,NA
026.2,dpw_100616_extract9,panamaswabs2016_101916_dpw,"n, n, n",NA,NA,NA,NA,pisces,bioline,triplicate,quantstudio_3,qiagen_dneasy,NA,NA,NA,NA
026.3,dpw_100616_extract9,panamaswabs2016_101916_dpw,"n, n, n",NA,NA,NA,NA,pisces,bioline,triplicate,quantstudio_3,qiagen_dneasy,NA,NA,NA,NA
026.4,dpw_100616_extract9,panamaswabs2016_101916_dpw,"p, p, p",34.12,34.09,13646.47,NA,pisces,bioline,triplicate,quantstudio_3,qiagen_dneasy,NA,NA,NA,NA
027.0,dpw_100616_extract9,panamaswabs2016_101916_dpw,"n, n, n",NA,NA,NA,NA,pisces,bioline,triplicate,quantstudio_3,qiagen_dneasy,NA,NA,NA,NA
027.1,dpw_100616_extract9,panamaswabs2016_101916_dpw,"n, n, n",NA,NA,NA,NA,pisces,bioline,triplicate,quantstudio_3,qiagen_dneasy,NA,NA,NA,NA
027.3,dpw_100616_extract9,panamaswabs2016_101916_dpw,"n, n, p",2.21,38.23,885.5,NA,pisces,bioline,triplicate,quantstudio_3,qiagen_dneasy,NA,NA,NA,NA
027.4,dpw_100616_extract9,panamaswabs2016_102016_dpw,"n, n, n",NA,NA,NA,NA,pisces,bioline,triplicate,quantstudio_3,qiagen_dneasy,NA,NA,NA,NA
028.0,dpw_100616_extract9,panamaswabs2016_102016_dpw,"n, n, n",NA,NA,NA,NA,pisces,bioline,triplicate,quantstudio_3,qiagen_dneasy,NA,NA,NA,NA
028.1,dpw_100616_extract9,panamaswabs2016_102016_dpw,"n, n, n",NA,NA,NA,NA,pisces,bioline,triplicate,quantstudio_3,qiagen_dneasy,NA,NA,NA,NA
028.3,dpw_100616_extract9,panamaswabs2016_102016_dpw,"n, n, n",NA,NA,NA,NA,pisces,bioline,triplicate,quantstudio_3,qiagen_dneasy,NA,NA,NA,NA
028.4,dpw_100616_extract9,panamaswabs2016_102016_dpw,"n, n, n",NA,NA,NA,NA,pisces,bioline,triplicate,quantstudio_3,qiagen_dneasy,NA,NA,NA,NA
029.0,dpw_100616_extract9,panamaswabs2016_102016_dpw,"n, n, n",NA,NA,NA,NA,pisces,bioline,triplicate,quantstudio_3,qiagen_dneasy,NA,NA,NA,NA
030.0,dpw_100616_extract9,panamaswabs2016_102016_dpw,"p, p, p",11.36,35.68,4545.7,NA,pisces,bioline,triplicate,quantstudio_3,qiagen_dneasy,NA,NA,NA,NA
030.1,dpw_100616_extract9,panamaswabs2016_102016_dpw,"n, p, p",2.37,38.05,947.07,NA,pisces,bioline,triplicate,quantstudio_3,qiagen_dneasy,NA,NA,NA,NA
031.0,extracted singley,panamaswabs2016_102016_dpw,"n, n, n",NA,NA,NA,NA,pisces,bioline,triplicate,quantstudio_3,qiagen_dneasy,NA,NA,NA,NA
031.2,extracted singley,panamaswabs2016_102016_dpw,"n, n, n",NA,NA,NA,NA,pisces,bioline,triplicate,quantstudio_3,qiagen_dneasy,NA,NA,NA,NA
031.3,extracted singley,panamaswabs2016_102016_dpw,"p, p, p",32.46,34.13,12985.06,NA,pisces,bioline,triplicate,quantstudio_3,qiagen_dneasy,NA,NA,NA,NA
031.4,extracted singley,panamaswabs2016_102016_dpw,"p, p, p",22.64,34.65,9055.4,NA,pisces,bioline,triplicate,quantstudio_3,qiagen_dneasy,NA,NA,NA,NA
160606_a08,dpw_041817_extract13,dpw_052317_panama_swabs_44,"n, n, n",NA,NA,NA,NA,pisces,bioline,triplicate,quantstudio_3,qiagen_dneasy,NA,NA,NA,NA
160606_a09,dpw_041817_extract13,dpw_052317_panama_swabs_44,"n, n, n",NA,NA,NA,NA,pisces,bioline,triplicate,quantstudio_3,qiagen_dneasy,NA,NA,NA,NA
160606_a10,dpw_041817_extract13,dpw_052317_panama_swabs_44,"n, n, n",NA,NA,NA,NA,pisces,bioline,triplicate,quantstudio_3,qiagen_dneasy,NA,NA,NA,NA
160606_a11,dpw_041817_extract13,dpw_052317_panama_swabs_44,"n, n, n",NA,NA,NA,NA,pisces,bioline,triplicate,quantstudio_3,qiagen_dneasy,NA,NA,NA,NA
160606_a12,dpw_041817_extract13,dpw_052317_panama_swabs_44,"n, n, n",NA,NA,NA,NA,pisces,bioline,triplicate,quantstudio_3,qiagen_dneasy,NA,NA,NA,NA
160606_a13,dpw_041817_extract13,dpw_052317_panama_swabs_44,"n, n, n",NA,NA,NA,NA,pisces,bioline,triplicate,quantstudio_3,qiagen_dneasy,NA,NA,NA,NA
160606_a14,dpw_041817_extract13,dpw_052317_panama_swabs_44,"n, n, n",NA,NA,NA,NA,pisces,bioline,triplicate,quantstudio_3,qiagen_dneasy,NA,NA,NA,NA
160606_a15,dpw_041817_extract13,dpw_052317_panama_swabs_44,"n, n, n",NA,NA,NA,NA,pisces,bioline,triplicate,quantstudio_3,qiagen_dneasy,NA,NA,NA,NA
160606_a16,dpw_041817_extract13,dpw_052317_panama_swabs_44,"n, n, n",NA,NA,NA,NA,pisces,bioline,triplicate,quantstudio_3,qiagen_dneasy,NA,NA,NA,NA
160606_a17,dpw_041817_extract13,dpw_052317_panama_swabs_44,"n, n, n",NA,NA,NA,NA,pisces,bioline,triplicate,quantstudio_3,qiagen_dneasy,NA,NA,NA,NA
160606_a19,dpw_041817_extract13,dpw_052317_panama_swabs_44,"n, n, n",NA,NA,NA,NA,pisces,bioline,triplicate,quantstudio_3,qiagen_dneasy,NA,NA,NA,NA
160606_a20,dpw_041817_extract13,dpw_052317_panama_swabs_44,"n, n, n",NA,NA,NA,NA,pisces,bioline,triplicate,quantstudio_3,qiagen_dneasy,NA,NA,NA,NA
160607_02,dpw_041817_extract13,dpw_052417_panama_swabs_45,"p, n, n",39.88,37.64,15951.95,NA,pisces,bioline,triplicate,quantstudio_3,qiagen_dneasy,NA,NA,NA,NA
160607_03,dpw_041817_extract13,dpw_052417_panama_swabs_45,"n, n, n",NA,NA,NA,NA,pisces,bioline,triplicate,quantstudio_3,qiagen_dneasy,NA,NA,NA,NA
160607_04,dpw_041817_extract13,dpw_052417_panama_swabs_45,"p, p, p",17577.76,28.75,7031105.73,NA,pisces,bioline,triplicate,quantstudio_3,qiagen_dneasy,NA,NA,NA,NA
160607_05,dpw_041817_extract13,dpw_052417_panama_swabs_45,"p, p, p",576.43,33.75,230571.6,NA,pisces,bioline,triplicate,quantstudio_3,qiagen_dneasy,NA,NA,NA,NA
160607_06,dpw_041817_extract13,dpw_052417_panama_swabs_45,"p, p, p",2800.89,31.45,1120355.18,NA,pisces,bioline,triplicate,quantstudio_3,qiagen_dneasy,NA,NA,NA,NA
160607_07,dpw_041817_extract13,dpw_052417_panama_swabs_45,"n, n, p",14.11,39.16,5644.01,NA,pisces,bioline,triplicate,quantstudio_3,qiagen_dneasy,NA,NA,NA,NA
160607_08,dpw_041817_extract13,dpw_052417_panama_swabs_45,"p, n, n",14.81,39.08,5923.07,NA,pisces,bioline,triplicate,quantstudio_3,qiagen_dneasy,NA,NA,NA,NA
160607_09,dpw_041817_extract13,dpw_052417_panama_swabs_45,"p, p, p",124176.47,25.9,49670587.5,NA,pisces,bioline,triplicate,quantstudio_3,qiagen_dneasy,NA,NA,NA,NA
160610_g01,dpw_042117_extract14,dpw_052517_panama_swabs_46,"n, n, n",NA,NA,NA,NA,pisces,bioline,triplicate,quantstudio_3,qiagen_dneasy,NA,NA,NA,NA
160610_g02,dpw_042117_extract14,dpw_052517_panama_swabs_46,"n, n, n",NA,NA,NA,NA,pisces,bioline,triplicate,quantstudio_3,qiagen_dneasy,NA,NA,NA,NA
160610_g03,dpw_042117_extract14,dpw_052517_panama_swabs_46,"n, n, n",NA,NA,NA,NA,pisces,bioline,triplicate,quantstudio_3,qiagen_dneasy,NA,NA,NA,NA
160610_g04,dpw_042117_extract14,dpw_052517_panama_swabs_46,"n, n, n",NA,NA,NA,NA,pisces,bioline,triplicate,quantstudio_3,qiagen_dneasy,NA,NA,NA,NA
160610_g05,dpw_042117_extract14,dpw_052517_panama_swabs_46,"n, n, n",NA,NA,NA,NA,pisces,bioline,triplicate,quantstudio_3,qiagen_dneasy,NA,NA,NA,NA
160610_g06,dpw_042117_extract14,dpw_053017_panama_swabs_47,"p, p, n",3.98,37.56,1593.4,NA,pisces,bioline,triplicate,quantstudio_3,qiagen_dneasy,NA,NA,NA,NA
160610_g07,dpw_042117_extract14,dpw_053017_panama_swabs_47,"n, n, n",NA,NA,NA,NA,pisces,bioline,triplicate,quantstudio_3,qiagen_dneasy,NA,NA,NA,NA
160610_g08,dpw_042117_extract14,dpw_053017_panama_swabs_47,"n, n, n",NA,NA,NA,NA,pisces,bioline,triplicate,quantstudio_3,qiagen_dneasy,NA,NA,NA,NA
160610_g09,dpw_042117_extract14,dpw_053017_panama_swabs_47,"n, n, n",NA,NA,NA,NA,pisces,bioline,triplicate,quantstudio_3,qiagen_dneasy,NA,NA,NA,NA
160610_g10,dpw_042117_extract14,dpw_053017_panama_swabs_47,"n, n, n",NA,NA,NA,NA,pisces,bioline,triplicate,quantstudio_3,qiagen_dneasy,NA,NA,NA,NA
160610_g11,dpw_042117_extract14,dpw_053017_panama_swabs_47,"n, n, n",NA,NA,NA,NA,pisces,bioline,triplicate,quantstudio_3,qiagen_dneasy,NA,NA,NA,NA
160610_g12,dpw_042117_extract14,dpw_053017_panama_swabs_47,"n, n, n",NA,NA,NA,NA,pisces,bioline,triplicate,quantstudio_3,qiagen_dneasy,NA,NA,NA,NA
160610_g13,dpw_042117_extract14,dpw_053017_panama_swabs_47,"n, n, n",NA,NA,NA,NA,pisces,bioline,triplicate,quantstudio_3,qiagen_dneasy,NA,NA,NA,NA
160610_g14,dpw_042117_extract14,dpw_053017_panama_swabs_47,"n, n, n",NA,NA,NA,NA,pisces,bioline,triplicate,quantstudio_3,qiagen_dneasy,NA,NA,NA,NA
160610_a01,dpw_042117_extract14,dpw_053017_panama_swabs_47,"n, n, n",NA,NA,NA,NA,pisces,bioline,triplicate,quantstudio_3,qiagen_dneasy,NA,NA,NA,NA
160610_a02,dpw_042117_extract14,dpw_053017_panama_swabs_47,"n, n, n",NA,NA,NA,NA,pisces,bioline,triplicate,quantstudio_3,qiagen_dneasy,NA,NA,NA,NA
160610_a03,dpw_042117_extract14,dpw_053017_panama_swabs_47,"n, n, n",NA,NA,NA,NA,pisces,bioline,triplicate,quantstudio_3,qiagen_dneasy,NA,NA,NA,NA
160610_a04,dpw_042117_extract14,dpw_053017_panama_swabs_47,"p, p, p",1245.09,28.78,498034.52,NA,pisces,bioline,triplicate,quantstudio_3,qiagen_dneasy,NA,NA,NA,NA
160610_a05,dpw_042117_extract14,dpw_053017_panama_swabs_47,"p, p, n",4.17,37.51,1668.41,NA,pisces,bioline,triplicate,quantstudio_3,qiagen_dneasy,NA,NA,NA,NA
160610_a06,dpw_042117_extract14,dpw_053017_panama_swabs_47,"n, n, n",NA,NA,NA,NA,pisces,bioline,triplicate,quantstudio_3,qiagen_dneasy,NA,NA,NA,NA
160610_a07,dpw_042117_extract14,dpw_053017_panama_swabs_47,"n, n, n",NA,NA,NA,NA,pisces,bioline,triplicate,quantstudio_3,qiagen_dneasy,NA,NA,NA,NA
160610_a08,dpw_042117_extract14,dpw_053017_panama_swabs_47,"n, n, n",NA,NA,NA,NA,pisces,bioline,triplicate,quantstudio_3,qiagen_dneasy,NA,NA,NA,NA
160610_a09,dpw_042117_extract14,dpw_053017_panama_swabs_47,"n, n, n",NA,NA,NA,NA,pisces,bioline,triplicate,quantstudio_3,qiagen_dneasy,NA,NA,NA,NA
160610_a10,dpw_042117_extract14,dpw_053017_panama_swabs_47,"n, n, n",NA,NA,NA,NA,pisces,bioline,triplicate,quantstudio_3,qiagen_dneasy,NA,NA,NA,NA
160610_a11,dpw_042117_extract14,dpw_053017_panama_swabs_47,"n, n, n",NA,NA,NA,NA,pisces,bioline,triplicate,quantstudio_3,qiagen_dneasy,NA,NA,NA,NA
160610_a12,dpw_042117_extract14,dpw_053017_panama_swabs_47,"n, n, n",NA,NA,NA,NA,pisces,bioline,triplicate,quantstudio_3,qiagen_dneasy,NA,NA,NA,NA
160610_a13,dpw_042117_extract14,dpw_053017_panama_swabs_47,"n, n, n",NA,NA,NA,NA,pisces,bioline,triplicate,quantstudio_3,qiagen_dneasy,NA,NA,NA,NA
160610_a14,dpw_042117_extract14,dpw_053017_panama_swabs_47,"n, n, n",NA,NA,NA,NA,pisces,bioline,triplicate,quantstudio_3,qiagen_dneasy,NA,NA,NA,NA
160610_a15,dpw_042117_extract14,dpw_053017_panama_swabs_47,"n, n, n",NA,NA,NA,NA,pisces,bioline,triplicate,quantstudio_3,qiagen_dneasy,NA,NA,NA,NA
160610_a16,dpw_042117_extract14,dpw_053017_panama_swabs_47,"n, n, n",NA,NA,NA,NA,pisces,bioline,triplicate,quantstudio_3,qiagen_dneasy,NA,NA,NA,NA
160610_a17,dpw_042117_extract14,dpw_053017_panama_swabs_47,"n, n, n",NA,NA,NA,NA,pisces,bioline,triplicate,quantstudio_3,qiagen_dneasy,NA,NA,NA,NA
160610_a18,dpw_042117_extract14,dpw_053017_panama_swabs_47,"n, n, n",NA,NA,NA,NA,pisces,bioline,triplicate,quantstudio_3,qiagen_dneasy,NA,NA,NA,NA
160617_01,dpw_042117_extract14,dpw_060117_panama_swabs_49,"n, n, n",NA,NA,NA,NA,pisces,bioline,triplicate,quantstudio_3,qiagen_dneasy,NA,NA,NA,NA
160617_02,dpw_042117_extract14,dpw_060117_panama_swabs_49,"n, n, n",NA,NA,NA,NA,pisces,bioline,triplicate,quantstudio_3,qiagen_dneasy,NA,NA,NA,NA
160617_03,dpw_042117_extract14,dpw_060117_panama_swabs_49,"n, n, n",NA,NA,NA,NA,pisces,bioline,triplicate,quantstudio_3,qiagen_dneasy,NA,NA,NA,NA
160617_04,dpw_042117_extract14,dpw_060117_panama_swabs_49,"n, n, n",NA,NA,NA,NA,pisces,bioline,triplicate,quantstudio_3,qiagen_dneasy,NA,NA,NA,NA
160617_05,dpw_042117_extract14,dpw_060117_panama_swabs_49,"n, n, n",NA,NA,NA,NA,pisces,bioline,triplicate,quantstudio_3,qiagen_dneasy,NA,NA,NA,NA
160617_06,dpw_042117_extract14,dpw_060117_panama_swabs_49,"n, n, n",NA,NA,NA,NA,pisces,bioline,triplicate,quantstudio_3,qiagen_dneasy,NA,NA,NA,NA
160617_07,dpw_042117_extract14,dpw_060117_panama_swabs_49,"n, n, n",NA,NA,NA,NA,pisces,bioline,triplicate,quantstudio_3,qiagen_dneasy,NA,NA,NA,NA
160617_08,dpw_042117_extract14,dpw_060117_panama_swabs_49,"n, n, n",NA,NA,NA,NA,pisces,bioline,triplicate,quantstudio_3,qiagen_dneasy,NA,NA,NA,NA
160617_09,dpw_042117_extract14,dpw_060117_panama_swabs_49,"n, n, n",NA,NA,NA,NA,pisces,bioline,triplicate,quantstudio_3,qiagen_dneasy,NA,NA,NA,NA
160617_10,dpw_042117_extract14,dpw_060117_panama_swabs_49,"p, n, p",4.88,37.68,1950.3,NA,pisces,bioline,triplicate,quantstudio_3,qiagen_dneasy,NA,NA,NA,NA
160617_11,dpw_042117_extract14,dpw_060117_panama_swabs_49,"n, n, n",NA,NA,NA,NA,pisces,bioline,triplicate,quantstudio_3,qiagen_dneasy,NA,NA,NA,NA
160617_12,dpw_042117_extract14,dpw_060117_panama_swabs_49,"n, n, n",NA,NA,NA,NA,pisces,bioline,triplicate,quantstudio_3,qiagen_dneasy,NA,NA,NA,NA
160617_13,dpw_042117_extract14,dpw_060117_panama_swabs_49,"n, n, n",NA,NA,NA,NA,pisces,bioline,triplicate,quantstudio_3,qiagen_dneasy,NA,NA,NA,NA
160617_14,dpw_042117_extract14,dpw_060117_panama_swabs_49,"n, n, n",NA,NA,NA,NA,pisces,bioline,triplicate,quantstudio_3,qiagen_dneasy,NA,NA,NA,NA
160617_15,dpw_042117_extract15,dpw_060117_panama_swabs_49,"n, n, n",NA,NA,NA,NA,pisces,bioline,triplicate,quantstudio_3,qiagen_dneasy,NA,NA,NA,NA
160617_16,dpw_042117_extract15,dpw_060117_panama_swabs_49,"n, n, n",NA,NA,NA,NA,pisces,bioline,triplicate,quantstudio_3,qiagen_dneasy,NA,NA,NA,NA
160617_17,dpw_042117_extract15,dpw_060117_panama_swabs_49,"n, n, n",NA,NA,NA,NA,pisces,bioline,triplicate,quantstudio_3,qiagen_dneasy,NA,NA,NA,NA
160617_18,dpw_042117_extract15,dpw_060117_panama_swabs_49,"p, p, n",5.09,37.53,2036.82,NA,pisces,bioline,triplicate,quantstudio_3,qiagen_dneasy,NA,NA,NA,NA
160617_19,dpw_042117_extract15,dpw_060117_panama_swabs_49,"n, n, n",NA,NA,NA,NA,pisces,bioline,triplicate,quantstudio_3,qiagen_dneasy,NA,NA,NA,NA
160617_20,dpw_042117_extract15,dpw_060117_panama_swabs_49,"n, n, n",NA,NA,NA,NA,pisces,bioline,triplicate,quantstudio_3,qiagen_dneasy,NA,NA,NA,NA
160617_21,dpw_042117_extract15,dpw_060617_panama_swabs_50,"n, n, n",NA,NA,NA,NA,pisces,bioline,triplicate,quantstudio_3,qiagen_dneasy,NA,NA,NA,NA
160617_22,dpw_042117_extract15,dpw_060617_panama_swabs_50,"n, n, n",NA,NA,NA,NA,pisces,bioline,triplicate,quantstudio_3,qiagen_dneasy,NA,NA,NA,NA
160617_23,dpw_042117_extract15,dpw_060617_panama_swabs_50,"n, n, n",NA,NA,NA,NA,pisces,bioline,triplicate,quantstudio_3,qiagen_dneasy,NA,NA,NA,NA
160617_24,dpw_042117_extract15,dpw_060617_panama_swabs_50,"n, n, n",NA,NA,NA,NA,pisces,bioline,triplicate,quantstudio_3,qiagen_dneasy,NA,NA,NA,NA
160627_a11,dpw_042117_extract15,dpw_061617_panama_swabs_52,"n, n, n",NA,NA,NA,NA,pisces,bioline,triplicate,quantstudio_3,qiagen_dneasy,NA,NA,NA,NA
160627_a12,dpw_042117_extract15,dpw_061617_panama_swabs_52,"n, n, n",NA,NA,NA,NA,pisces,bioline,triplicate,quantstudio_3,qiagen_dneasy,NA,NA,NA,NA
l.001 d.00,extracted singley,dpw_020117_panama_swabs_35,"n, n, n",NA,NA,NA,NA,pisces,bioline,triplicate,quantstudio_3,qiagen_dneasy,NA,NA,NA,NA
h.001 d.00,extracted singley,dpw_020117_panama_swabs_35,"n, n, n",NA,NA,NA,NA,pisces,bioline,triplicate,quantstudio_3,qiagen_dneasy,NA,NA,NA,NA
160606_a18,panama001_ahd,pan061_082519,n,NA,NA,NA,NA,pisces,bioline,singley,quantstudio_3,qiagen_dneasy,2019-07-18T00:00:00Z,2019-08-25T00:00:00Z,NA,NA
160616_a10,panama001_ahd,pan061_082519,p,120.37,34.4,48147.09,NA,pisces,bioline,singley,quantstudio_3,qiagen_dneasy,2019-07-18T00:00:00Z,2019-08-25T00:00:00Z,NA,NA
160616_a11,panama001_ahd,pan061_082519,p,44.85,35.75,17941.77,NA,pisces,bioline,singley,quantstudio_3,qiagen_dneasy,2019-07-18T00:00:00Z,2019-08-25T00:00:00Z,NA,NA
160616_a12,panama001_ahd,pan061_082519,p,3.54,39.23,1416.1,NA,pisces,bioline,singley,quantstudio_3,qiagen_dneasy,2019-07-18T00:00:00Z,2019-08-25T00:00:00Z,NA,NA
160616_a13,panama001_ahd,pan061_082519,n,NA,NA,NA,NA,pisces,bioline,singley,quantstudio_3,qiagen_dneasy,2019-07-18T00:00:00Z,2019-08-25T00:00:00Z,NA,NA
160616_a14,panama001_ahd,pan061_082519,n,NA,NA,NA,NA,pisces,bioline,singley,quantstudio_3,qiagen_dneasy,2019-07-18T00:00:00Z,2019-08-25T00:00:00Z,NA,NA
160616_a15,panama001_ahd,pan061_082519,n,NA,NA,NA,NA,pisces,bioline,singley,quantstudio_3,qiagen_dneasy,2019-07-18T00:00:00Z,2019-08-25T00:00:00Z,NA,NA
160616_a16,panama001_ahd,pan061_082519,p,164.45,33.98,65778.2,NA,pisces,bioline,singley,quantstudio_3,qiagen_dneasy,2019-07-18T00:00:00Z,2019-08-25T00:00:00Z,NA,NA
160617_e01,panama001_ahd,pan061_082519,n,NA,NA,NA,NA,pisces,bioline,singley,quantstudio_3,qiagen_dneasy,2019-07-18T00:00:00Z,2019-08-25T00:00:00Z,NA,NA
160628_a01,panama002_ahd,pan063_082519,n,NA,NA,NA,NA,pisces,bioline,singley,quantstudio_3,qiagen_dneasy,2019-07-18T00:00:00Z,2019-08-25T00:00:00Z,NA,NA
160710_g03,panama004_ahd,pan064_082519,n,NA,NA,NA,tube labeled as 160711_g03,pisces,bioline,singley,quantstudio_3,qiagen_dneasy,2019-07-22T00:00:00Z,2019-08-25T00:00:00Z,NA,NA
161201_01,panama006_ahd,pan060_082319,n,NA,NA,NA,NA,pisces,bioline,singley,quantstudio_3,qiagen_dneasy,2019-08-07T00:00:00Z,2019-08-23T00:00:00Z,NA,NA
161201_02,panama006_ahd,pan060_082319,n,NA,NA,NA,NA,pisces,bioline,singley,quantstudio_3,qiagen_dneasy,2019-08-07T00:00:00Z,2019-08-23T00:00:00Z,NA,NA
161201_03,panama006_ahd,pan060_082319,p,18.47,37.38,7386.89,NA,pisces,bioline,singley,quantstudio_3,qiagen_dneasy,2019-08-07T00:00:00Z,2019-08-23T00:00:00Z,NA,NA
161201_04,panama006_ahd,pan060_082319,n,NA,NA,NA,NA,pisces,bioline,singley,quantstudio_3,qiagen_dneasy,2019-08-07T00:00:00Z,2019-08-23T00:00:00Z,NA,NA
161201_05,panama006_ahd,pan060_082319,n,NA,NA,NA,NA,pisces,bioline,singley,quantstudio_3,qiagen_dneasy,2019-08-07T00:00:00Z,2019-08-23T00:00:00Z,NA,NA
161201_06,panama006_ahd,pan060_082319,n,NA,NA,NA,NA,pisces,bioline,singley,quantstudio_3,qiagen_dneasy,2019-08-07T00:00:00Z,2019-08-23T00:00:00Z,NA,NA
161201_07,panama006_ahd,pan060_082319,n,NA,NA,NA,NA,pisces,bioline,singley,quantstudio_3,qiagen_dneasy,2019-08-07T00:00:00Z,2019-08-23T00:00:00Z,NA,NA
161201_08,panama006_ahd,pan060_082319,n,NA,NA,NA,NA,pisces,bioline,singley,quantstudio_3,qiagen_dneasy,2019-08-07T00:00:00Z,2019-08-23T00:00:00Z,NA,NA
161201_09,panama006_ahd,pan060_082319,n,NA,NA,NA,NA,pisces,bioline,singley,quantstudio_3,qiagen_dneasy,2019-08-07T00:00:00Z,2019-08-23T00:00:00Z,NA,NA
161203_02,panama006_ahd,pan060_082319,n,NA,NA,NA,NA,pisces,bioline,singley,quantstudio_3,qiagen_dneasy,2019-08-07T00:00:00Z,2019-08-23T00:00:00Z,NA,NA
171216_01,panama007_ahd,pan007_071119,n,NA,NA,NA,NA,pisces,bioline,singley,quantstudio_3,zymo_quick_dna,2019-04-04T00:00:00Z,2019-07-11T00:00:00Z,NA,NA
171216_02,panama007_ahd,pan007_071119,n,NA,NA,NA,NA,pisces,bioline,singley,quantstudio_3,zymo_quick_dna,2019-04-04T00:00:00Z,2019-07-11T00:00:00Z,NA,NA
121108_05,chytrid046,"mr016, 20, 22","n, n, n",NA,NA,NA,NA,pisces,taqman,triplicate,applied_biosystems_7500,qiagen_dneasy,NA,NA,NA,NA
121124_03,chytrid049,"mr019, 24 (x2)","n, n, n",NA,NA,NA,NA,pisces,taqman,triplicate,applied_biosystems_7500,qiagen_dneasy,NA,NA,NA,NA
121125_01,chytrid049,"mr018, 21, 23","n, n, n",NA,NA,NA,NA,pisces,taqman,triplicate,applied_biosystems_7500,qiagen_dneasy,NA,NA,NA,NA
121125_02,chytrid049,"mr018, 21, 23","n, n, n",NA,NA,NA,NA,pisces,taqman,triplicate,applied_biosystems_7500,qiagen_dneasy,NA,NA,NA,NA
121125_03,chytrid049,"mr018, 21, 23","n, n, n",NA,NA,NA,NA,pisces,taqman,triplicate,applied_biosystems_7500,qiagen_dneasy,NA,NA,NA,NA
121125_04,chytrid049,"mr018, 21, 23","n, n, n",NA,NA,NA,NA,pisces,taqman,triplicate,applied_biosystems_7500,qiagen_dneasy,NA,NA,NA,NA
121125_09,chytrid049,"mr018, 21, 23","n, n, n",NA,NA,NA,NA,pisces,taqman,triplicate,applied_biosystems_7500,qiagen_dneasy,NA,NA,NA,NA
121126_02,chytrid049,"mr018, 21, 23","n, n, n",NA,NA,NA,NA,pisces,taqman,triplicate,applied_biosystems_7500,qiagen_dneasy,NA,NA,NA,NA
121126_03,chytrid049,"mr018, 21, 23","n, n, n",NA,NA,NA,NA,pisces,taqman,triplicate,applied_biosystems_7500,qiagen_dneasy,NA,NA,NA,NA
131202_01,NA,grs28_20140714,"n,n,n",NA,NA,NA,NA,pisces,taqman,triplicate,abi_7500,qiagen_dneasy,NA,NA,NA,NA
131218_22*,grsextraction14_20140507,grs24_20140529,"n,n,p",0.05,43.66,43.89,NA,pisces,taqman,triplicate,abi_7500,qiagen_dneasy,NA,NA,NA,NA
131221_01,grsextraction14_20140507,grs27_20140604,"p,p,p",350.81,30.82,280649.02,NA,pisces,taqman,triplicate,abi_7500,qiagen_dneasy,NA,NA,NA,NA
131221_02,grsextraction14_20140507,grs27_20140604,"n,n,n",NA,NA,NA,NA,pisces,taqman,triplicate,abi_7500,qiagen_dneasy,NA,NA,NA,NA
130609_d01,"rr-grsextractions1_20131213 ""swab box 1, starting with el cope 6/2013 jv,mr,mv,dw,cr""","rr3_20131210, grs1_20131218","p,p,p",74250.22,21.89,59400176,NA,pisces,taqman,triplicate,abi_7500,qiagen_dneasy,NA,NA,NA,NA
130616_a61,grsextractions8_20140205,grs6_20140221,"n,n,n",NA,NA,NA,new extraction method (genome equivalent scores are multiplied by 2),pisces,taqman,triplicate,abi_7500,qiagen_dneasy,NA,NA,NA,NA
NA,grsextractions13_20140407,grs14_20140408,"p,p,p",39.94,34.78,31949.63,new extraction method (genome equivalent scores are multiplied by 2); also pcr master mix was optimized correctly,pisces,taqman,triplicate,abi_7500,qiagen_dneasy,NA,NA,NA,NA
141211_r06,NA,js086-088,"p,p,p,p",38.22,30.5,15288,caution average_zoospores values calculated estimate of a 400 dillution factor - cz,pisces,taqman,quadruplicates,abi_7500,qiagen_dneasy,NA,NA,NA,NA
141211_r07,NA,js086-088,"n,p,n,n",NA,7.07,NA,caution average_zoospores values calculated estimate of a 400 dillution factor - cz,pisces,taqman,quadruplicates,abi_7500,qiagen_dneasy,NA,NA,NA,NA
141211_r08,NA,js086-088,"p,p,p,p",11.88,31.77,4751,caution average_zoospores values calculated estimate of a 400 dillution factor - cz,pisces,taqman,quadruplicates,abi_7500,qiagen_dneasy,NA,NA,NA,NA
141211_r09,NA,js086-088,"n,p,n,n",NA,7.16,NA,caution average_zoospores values calculated estimate of a 400 dillution factor - cz,pisces,taqman,quadruplicates,abi_7500,qiagen_dneasy,NA,NA,NA,NA
141211_r10,NA,js086-088,"n,p,n,p",0.37,16.02,147,caution average_zoospores values calculated estimate of a 400 dillution factor - cz,pisces,taqman,quadruplicates,abi_7500,qiagen_dneasy,NA,NA,NA,NA
141211_r11,NA,js086-088,"n,p,n,n",NA,7.07,NA,caution average_zoospores values calculated estimate of a 400 dillution factor - cz,pisces,taqman,quadruplicates,abi_7500,qiagen_dneasy,NA,NA,NA,NA
141211_r12,NA,js086-088,"n,p,n,p",1.43,15.56,573,caution average_zoospores values calculated estimate of a 400 dillution factor - cz,pisces,taqman,quadruplicates,abi_7500,qiagen_dneasy,NA,NA,NA,NA
141211_r13,NA,js086-088,"p,p,p,p",7.07,32.99,2826,caution average_zoospores values calculated estimate of a 400 dillution factor - cz,pisces,taqman,quadruplicates,abi_7500,qiagen_dneasy,NA,NA,NA,NA
141211_r14,NA,js086-088,"p,p,p,p",19.06,31.32,7622,caution average_zoospores values calculated estimate of a 400 dillution factor - cz,pisces,taqman,quadruplicates,abi_7500,qiagen_dneasy,NA,NA,NA,NA
141211_r15,NA,js086-088,"p,p,p,p",971,26.94,388400,caution average_zoospores values calculated estimate of a 400 dillution factor - cz,pisces,taqman,quadruplicates,abi_7500,qiagen_dneasy,NA,NA,NA,NA
141211_r16,NA,js086-088,"p,p,p,p",296.49,28.26,118596,caution average_zoospores values calculated estimate of a 400 dillution factor - cz,pisces,taqman,quadruplicates,abi_7500,qiagen_dneasy,NA,NA,NA,NA
141212_01,NA,js086-088,"p,p,p,p",12,31.73,4799,caution average_zoospores values calculated estimate of a 400 dillution factor - cz,pisces,taqman,quadruplicates,abi_7500,qiagen_dneasy,NA,NA,NA,NA
141212_03,NA,js086-088,"n,p,n,n",NA,7.12,NA,caution average_zoospores values calculated estimate of a 400 dillution factor - cz,pisces,taqman,quadruplicates,abi_7500,qiagen_dneasy,NA,NA,NA,NA
141212_04,NA,js086-088,"n,p,n,n",NA,7.12,NA,caution average_zoospores values calculated estimate of a 400 dillution factor - cz,pisces,taqman,quadruplicates,abi_7500,qiagen_dneasy,NA,NA,NA,NA
141212_05,NA,js086-088,"n,p,p,n",0.69,15.86,274,caution average_zoospores values calculated estimate of a 400 dillution factor - cz,pisces,taqman,quadruplicates,abi_7500,qiagen_dneasy,NA,NA,NA,NA
141212_06,NA,js086-088,"n,p,n,n",NA,7.1,NA,caution average_zoospores values calculated estimate of a 400 dillution factor - cz,pisces,taqman,quadruplicates,abi_7500,qiagen_dneasy,NA,NA,NA,NA
141215_01r,NA,js086-088,"n,p,n,n",NA,7.09,NA,caution average_zoospores values calculated estimate of a 400 dillution factor - cz,pisces,taqman,quadruplicates,abi_7500,qiagen_dneasy,NA,NA,NA,NA
141215_02r,NA,js086-088,"p,p,p,p",3.71,33.18,1486,caution average_zoospores values calculated estimate of a 400 dillution factor - cz,pisces,taqman,quadruplicates,abi_7500,qiagen_dneasy,NA,NA,NA,NA
141215_02r2,NA,js086-088,"n,p,n,n",NA,7.09,NA,caution average_zoospores values calculated estimate of a 400 dillution factor - cz,pisces,taqman,quadruplicates,abi_7500,qiagen_dneasy,NA,NA,NA,NA
141215_03r,NA,js086-088,"n,p,n,n",NA,7.08,NA,caution average_zoospores values calculated estimate of a 400 dillution factor - cz,pisces,taqman,quadruplicates,abi_7500,qiagen_dneasy,NA,NA,NA,NA
141215_04r,NA,js086-088,"p,p,p,p",3.62,32.97,1450,caution average_zoospores values calculated estimate of a 400 dillution factor - cz,pisces,taqman,quadruplicates,abi_7500,qiagen_dneasy,NA,NA,NA,NA
141215_05r,NA,js086-088,"n,p,n,p",0.56,15.73,222,caution average_zoospores values calculated estimate of a 400 dillution factor - cz,pisces,taqman,quadruplicates,abi_7500,qiagen_dneasy,NA,NA,NA,NA
141215_06r,NA,js086-088,"p,p,p,p",3.64,33.07,1457,caution average_zoospores values calculated estimate of a 400 dillution factor - cz,pisces,taqman,quadruplicates,abi_7500,qiagen_dneasy,NA,NA,NA,NA
141215_a01,NA,js086-088,"n,p,n,n",NA,7.11,NA,caution average_zoospores values calculated estimate of a 400 dillution factor - cz,pisces,taqman,quadruplicates,abi_7500,qiagen_dneasy,NA,NA,NA,NA
141215_a012,NA,js086-088,"n,p,n,n",NA,7.09,NA,caution average_zoospores values calculated estimate of a 400 dillution factor - cz,pisces,taqman,quadruplicates,abi_7500,qiagen_dneasy,NA,NA,NA,NA
141215_a02,NA,js086-088,"n,p,n,n",NA,7.08,NA,caution average_zoospores values calculated estimate of a 400 dillution factor - cz,pisces,taqman,quadruplicates,abi_7500,qiagen_dneasy,NA,NA,NA,NA
141215_a03,NA,js086-088,"n,p,n,n",NA,7.1,NA,caution average_zoospores values calculated estimate of a 400 dillution factor - cz,pisces,taqman,quadruplicates,abi_7500,qiagen_dneasy,NA,NA,NA,NA
141216_01,NA,js086-088,"n,p,n,n",NA,7.09,NA,caution average_zoospores values calculated estimate of a 400 dillution factor - cz,pisces,taqman,quadruplicates,abi_7500,qiagen_dneasy,NA,NA,NA,NA
141216_02,NA,js086-088,"n,p,n,n",NA,7.06,NA,caution average_zoospores values calculated estimate of a 400 dillution factor - cz,pisces,taqman,quadruplicates,abi_7500,qiagen_dneasy,NA,NA,NA,NA
141216_03,NA,js086-088,"n,p,n,n",NA,7.08,NA,caution average_zoospores values calculated estimate of a 400 dillution factor - cz,pisces,taqman,quadruplicates,abi_7500,qiagen_dneasy,NA,NA,NA,NA
141216_04,NA,js086-088,"n,p,p,n",0.45,15.96,179,caution average_zoospores values calculated estimate of a 400 dillution factor - cz,pisces,taqman,quadruplicates,abi_7500,qiagen_dneasy,NA,NA,NA,NA
141216_05,NA,js086-088,"n,p,n,n",NA,6.95,NA,caution average_zoospores values calculated estimate of a 400 dillution factor - cz,pisces,taqman,quadruplicates,abi_7500,qiagen_dneasy,NA,NA,NA,NA
141216_06,NA,js086-088,"n,p,n,n",NA,7.09,NA,caution average_zoospores values calculated estimate of a 400 dillution factor - cz,pisces,taqman,quadruplicates,abi_7500,qiagen_dneasy,NA,NA,NA,NA
141216_07,NA,js086-088,"n,p,n,n",NA,7.06,NA,caution average_zoospores values calculated estimate of a 400 dillution factor - cz,pisces,taqman,quadruplicates,abi_7500,qiagen_dneasy,NA,NA,NA,NA
141216_08,NA,js086-088,"n,p,n,n",NA,7.12,NA,caution average_zoospores values calculated estimate of a 400 dillution factor - cz,pisces,taqman,quadruplicates,abi_7500,qiagen_dneasy,NA,NA,NA,NA
141216_09,NA,js086-088,"n,p,n,n",NA,7.11,NA,caution average_zoospores values calculated estimate of a 400 dillution factor - cz,pisces,taqman,quadruplicates,abi_7500,qiagen_dneasy,NA,NA,NA,NA
141216_11,NA,js086-088,"n,p,n,p",0.8,15.82,319,caution average_zoospores values calculated estimate of a 400 dillution factor - cz,pisces,taqman,quadruplicates,abi_7500,qiagen_dneasy,NA,NA,NA,NA
141216_12,NA,js086-088,"n,p,n,n",NA,7.07,NA,caution average_zoospores values calculated estimate of a 400 dillution factor - cz,pisces,taqman,quadruplicates,abi_7500,qiagen_dneasy,NA,NA,NA,NA
141216_13,NA,js086-088,"n,p,n,n",NA,7.1,NA,caution average_zoospores values calculated estimate of a 400 dillution factor - cz,pisces,taqman,quadruplicates,abi_7500,qiagen_dneasy,NA,NA,NA,NA
141216_14,NA,js086-088,"n,p,n,n",NA,7.13,NA,caution average_zoospores values calculated estimate of a 400 dillution factor - cz,pisces,taqman,quadruplicates,abi_7500,qiagen_dneasy,NA,NA,NA,NA
141216_15,NA,js086-088,"p,p,p,p",313,28.19,125198,caution average_zoospores values calculated estimate of a 400 dillution factor - cz,pisces,taqman,quadruplicates,abi_7500,qiagen_dneasy,NA,NA,NA,NA
141216_16,NA,js086-088,"n,p,n,n",NA,7.1,NA,caution average_zoospores values calculated estimate of a 400 dillution factor - cz,pisces,taqman,quadruplicates,abi_7500,qiagen_dneasy,NA,NA,NA,NA
141216_17,NA,js086-088,"n,p,n,n",NA,7.09,NA,caution average_zoospores values calculated estimate of a 400 dillution factor - cz,pisces,taqman,quadruplicates,abi_7500,qiagen_dneasy,NA,NA,NA,NA
141217_a01,NA,js086-088,"p,p,p,p",47.46,30.22,18985,caution average_zoospores values calculated estimate of a 400 dillution factor - cz,pisces,taqman,quadruplicates,abi_7500,qiagen_dneasy,NA,NA,NA,NA
141217_a02,NA,js086-088,"p,p,p,p",300.4,28.19,120158,caution average_zoospores values calculated estimate of a 400 dillution factor - cz,pisces,taqman,quadruplicates,abi_7500,qiagen_dneasy,NA,NA,NA,NA
141217_a03,NA,js086-088,"p,p,p,p",376.32,28.03,150529,caution average_zoospores values calculated estimate of a 400 dillution factor - cz,pisces,taqman,quadruplicates,abi_7500,qiagen_dneasy,NA,NA,NA,NA
141217_a04,NA,js086-088,"n,p,n,n",NA,7.09,NA,caution average_zoospores values calculated estimate of a 400 dillution factor - cz,pisces,taqman,quadruplicates,abi_7500,qiagen_dneasy,NA,NA,NA,NA
141217_a05,NA,js086-088,"n,p,n,n",NA,7.08,NA,caution average_zoospores values calculated estimate of a 400 dillution factor - cz,pisces,taqman,quadruplicates,abi_7500,qiagen_dneasy,NA,NA,NA,NA
141217_a06,NA,js086-088,"n,p,n,n",NA,7.02,NA,caution average_zoospores values calculated estimate of a 400 dillution factor - cz,pisces,taqman,quadruplicates,abi_7500,qiagen_dneasy,NA,NA,NA,NA
141217_a07,NA,js086-088,"n,p,n,n",NA,6.99,NA,caution average_zoospores values calculated estimate of a 400 dillution factor - cz,pisces,taqman,quadruplicates,abi_7500,qiagen_dneasy,NA,NA,NA,NA
141217_a08,NA,js086-088,"n,p,n,p",0.05,16.72,21,caution average_zoospores values calculated estimate of a 400 dillution factor - cz,pisces,taqman,quadruplicates,abi_7500,qiagen_dneasy,NA,NA,NA,NA
141217_a09,NA,js086-088,"n,p,n,n",NA,7.08,NA,caution average_zoospores values calculated estimate of a 400 dillution factor - cz,pisces,taqman,quadruplicates,abi_7500,qiagen_dneasy,NA,NA,NA,NA
141217_a10,NA,js086-088,"n,p,p,n",1.42,15.62,567,caution average_zoospores values calculated estimate of a 400 dillution factor - cz,pisces,taqman,quadruplicates,abi_7500,qiagen_dneasy,NA,NA,NA,NA
141217_a11,NA,js086-088,"n,p,n,n",NA,7.13,NA,caution average_zoospores values calculated estimate of a 400 dillution factor - cz,pisces,taqman,quadruplicates,abi_7500,qiagen_dneasy,NA,NA,NA,NA
141217_a12,NA,js086-088,"n,p,n,n",NA,7.08,NA,caution average_zoospores values calculated estimate of a 400 dillution factor - cz,pisces,taqman,quadruplicates,abi_7500,qiagen_dneasy,NA,NA,NA,NA
141217_a13,NA,js086-088,"n,p,n,n",NA,7.09,NA,caution average_zoospores values calculated estimate of a 400 dillution factor - cz,pisces,taqman,quadruplicates,abi_7500,qiagen_dneasy,NA,NA,NA,NA
141217_r01,NA,js086-088,"p,p,n,n",1.1,15.9,441,caution average_zoospores values calculated estimate of a 400 dillution factor - cz,pisces,taqman,quadruplicates,abi_7500,qiagen_dneasy,NA,NA,NA,NA
141217_r02,NA,js086-088,"p,p,p,p",18.81,31.24,7523,caution average_zoospores values calculated estimate of a 400 dillution factor - cz,pisces,taqman,quadruplicates,abi_7500,qiagen_dneasy,NA,NA,NA,NA
141217_r03,NA,js086-088,"n,p,n,n",NA,7.1,NA,caution average_zoospores values calculated estimate of a 400 dillution factor - cz,pisces,taqman,quadruplicates,abi_7500,qiagen_dneasy,NA,NA,NA,NA
141217_r04,NA,js086-088,"n,p,n,n",NA,7.06,NA,caution average_zoospores values calculated estimate of a 400 dillution factor - cz,pisces,taqman,quadruplicates,abi_7500,qiagen_dneasy,NA,NA,NA,NA
141217_r05,NA,js086-088,"n,p,n,n",NA,7.04,NA,caution average_zoospores values calculated estimate of a 400 dillution factor - cz,pisces,taqman,quadruplicates,abi_7500,qiagen_dneasy,NA,NA,NA,NA
141218_01,NA,js086-088,"n,p,n,n",NA,7.07,NA,caution average_zoospores values calculated estimate of a 400 dillution factor - cz,pisces,taqman,quadruplicates,abi_7500,qiagen_dneasy,NA,NA,NA,NA
141218_02,NA,js086-088,"n,p,n,n",NA,7.12,NA,caution average_zoospores values calculated estimate of a 400 dillution factor - cz,pisces,taqman,quadruplicates,abi_7500,qiagen_dneasy,NA,NA,NA,NA
141218_03,NA,js086-088,"n,p,n,n",NA,7.06,NA,caution average_zoospores values calculated estimate of a 400 dillution factor - cz,pisces,taqman,quadruplicates,abi_7500,qiagen_dneasy,NA,NA,NA,NA
141218_04,NA,js086-088,"n,p,n,n",NA,7.07,NA,caution average_zoospores values calculated estimate of a 400 dillution factor - cz,pisces,taqman,quadruplicates,abi_7500,qiagen_dneasy,NA,NA,NA,NA
141218_05,NA,js086-088,"n,p,n,n",NA,6.94,NA,caution average_zoospores values calculated estimate of a 400 dillution factor - cz,pisces,taqman,quadruplicates,abi_7500,qiagen_dneasy,NA,NA,NA,NA
141218_06,NA,js086-088,"p,p,p,p",49.02,30.1,19606,caution average_zoospores values calculated estimate of a 400 dillution factor - cz,pisces,taqman,quadruplicates,abi_7500,qiagen_dneasy,NA,NA,NA,NA
141219_01,NA,js086-088,"n,p,n,n",NA,7.12,NA,caution average_zoospores values calculated estimate of a 400 dillution factor - cz,pisces,taqman,quadruplicates,abi_7500,qiagen_dneasy,NA,NA,NA,NA
141219_02,NA,js086-088,"n,p,n,n",NA,7.06,NA,caution average_zoospores values calculated estimate of a 400 dillution factor - cz,pisces,taqman,quadruplicates,abi_7500,qiagen_dneasy,NA,NA,NA,NA
141219_03,NA,js086-088,"p,p,n,n",2.36,15.62,942,caution average_zoospores values calculated estimate of a 400 dillution factor - cz,pisces,taqman,quadruplicates,abi_7500,qiagen_dneasy,NA,NA,NA,NA
141219_04,NA,js086-088,"p,p,p,p",8814,24.57,3525601,caution average_zoospores values calculated estimate of a 400 dillution factor - cz,pisces,taqman,quadruplicates,abi_7500,qiagen_dneasy,NA,NA,NA,NA
141219_06,NA,js086-088,"n,p,n,p",0.44,15.91,176,caution average_zoospores values calculated estimate of a 400 dillution factor - cz,pisces,taqman,quadruplicates,abi_7500,qiagen_dneasy,NA,NA,NA,NA
141219_07,NA,js086-088,"n,p,n,n",NA,7.12,NA,caution average_zoospores values calculated estimate of a 400 dillution factor - cz,pisces,taqman,quadruplicates,abi_7500,qiagen_dneasy,NA,NA,NA,NA
141219_08,NA,js086-088,"n,p,n,n",NA,7.06,NA,caution average_zoospores values calculated estimate of a 400 dillution factor - cz,pisces,taqman,quadruplicates,abi_7500,qiagen_dneasy,NA,NA,NA,NA
141219_09,NA,js086-088,"n,p,n,n",NA,7.04,NA,caution average_zoospores values calculated estimate of a 400 dillution factor - cz,pisces,taqman,quadruplicates,abi_7500,qiagen_dneasy,NA,NA,NA,NA
141220_01,NA,js086-088,"n,p,n,n",NA,7.04,NA,caution average_zoospores values calculated estimate of a 400 dillution factor - cz,pisces,taqman,quadruplicates,abi_7500,qiagen_dneasy,NA,NA,NA,NA
141220_02,NA,js086-088,"n,p,n,n",NA,6.99,NA,caution average_zoospores values calculated estimate of a 400 dillution factor - cz,pisces,taqman,quadruplicates,abi_7500,qiagen_dneasy,NA,NA,NA,NA
141220_03,NA,js086-088,"n,p,n,n",NA,6.83,NA,caution average_zoospores values calculated estimate of a 400 dillution factor - cz,pisces,taqman,quadruplicates,abi_7500,qiagen_dneasy,NA,NA,NA,NA
extr_pos_02142023_plate6,panama_samples2019_02142023_plate6,panama_samples2019_02142023_plate6,NA,458485.22,21.15,18339408.76,NA,pisces,bioline,triplicate,quantstudio_3,qiagen_dneasy,NA,NA,NA,NA
extr_pos_01102023_plate1,panama_samples2019_01102023_plate1,panama_samples2019_01252023_plate1_rerun3,NA,932106.12,20.96,37284245,NA,pisces,bioline,triplicate,quantstudio_3,qiagen_dneasy,NA,NA,NA,NA
extr_pos_09092022_plate2,panama_samples2019_09092022_plate2,panama_samples2019_04032023_plate2_rerun2,NA,1405049.38,20.2,56201975,NA,pisces,bioline,triplicate,quantstudio_3,qiagen_dneasy,NA,NA,NA,NA
extr_pos_9272922_plate4,panama_samples2019_09272022_plate4,panama_samples2019_09272022_plate4,NA,1437436.88,20.07,57497475.2,NA,pisces,bioline,triplicate,quantstudio_3,qiagen_dneasy,NA,NA,NA,NA
extr_pos_09132022_plate3,panama_samples2019_09132022_plate3,panama_samples2019_12082022_plate3,NA,1798747.88,16.56,71949915,NA,pisces,bioline,triplicate,quantstudio_3,qiagen_dneasy,NA,NA,NA,NA
extr_pos_01302023_plate5,panama_samples2019_01302023_plate5,panama_samples2019_02222023_plate5,NA,2009380.38,20.96,80375215,NA,pisces,bioline,triplicate,quantstudio_3,qiagen_dneasy,NA,NA,NA,NA
extr_pos_02212023_singlewell,panama_samples2019_2/21/2023_singletube,panama_samples2019_03012023_plate7,NA,14840814,18.18,593632560,NA,pisces,bioline,triplicate,quantstudio_3,qiagen_dneasy,NA,NA,NA,NA
extr_neg_01102023_plate1,panama_samples2019_01102023_plate1,panama_samples2019_01252023_plate1_rerun3,NA,NA,NA,NA,NA,pisces,bioline,triplicate,quantstudio_3,qiagen_dneasy,NA,NA,NA,NA
extr_neg_01302023_plate5,panama_samples2019_01302023_plate5,panama_samples2019_02222023_plate5,NA,NA,NA,NA,NA,pisces,bioline,triplicate,quantstudio_3,qiagen_dneasy,NA,NA,NA,NA
extr_neg_02212023_singlewell,panama_samples2019_2/21/2023_singletube,panama_samples2019_03012023_plate7,NA,NA,NA,NA,NA,pisces,bioline,triplicate,quantstudio_3,qiagen_dneasy,NA,NA,NA,NA
extr_neg_09092022_plate2,panama_samples2019_09092022_plate2,panama_samples2019_04032023_plate2_rerun2,NA,NA,NA,NA,NA,pisces,bioline,triplicate,quantstudio_3,qiagen_dneasy,NA,NA,NA,NA
extr_neg_09132022_plate3,panama_samples2019_09132022_plate3,panama_samples2019_12082022_plate3,NA,NA,NA,NA,NA,pisces,bioline,triplicate,quantstudio_3,qiagen_dneasy,NA,NA,NA,NA
extr_neg_02142023_plate6,panama_samples2019_02142023_plate6,panama_samples2019_02142023_plate6,NA,NA,NA,NA,NA,pisces,bioline,triplicate,quantstudio_3,qiagen_dneasy,NA,NA,NA,NA
extr_neg_9272022_plate4,panama_samples2019_09272022_plate4,panama_samples2019_09272022_plate4,NA,NA,NA,NA,NA,pisces,bioline,triplicate,quantstudio_3,qiagen_dneasy,NA,NA,NA,NA
